gid,state,county,ftr_type,ftr_name,ftr_azimut,topo_name,topo_date,topo_scale,compiledby,remarks,gda_id,scanid,dir,longitude,latitude
60289,CA,Trinity,"Open Pit Mine","Dorleska Mine",0,"Caribou Lake",1986,24000,"CA Dept Conserv",,5510209,288956,,-122.9087609739999,41.05744277400004
83928,CA,Siskiyou,"Prospect Pit",,0,"Caribou Lake",1986,24000,"CA Dept Conserv",,5510209,288956,,-122.89787540099991,41.02888806700008
84490,CA,Trinity,"Prospect Pit",,0,"Caribou Lake",1986,24000,"CA Dept Conserv",,5510209,288956,,-122.91340609799994,41.05554157200004
84540,CA,Trinity,"Prospect Pit",,0,"Caribou Lake",1986,24000,"CA Dept Conserv",,5510209,288956,,-122.91231889199992,41.05489096000008
84543,CA,Trinity,"Prospect Pit",,0,"Caribou Lake",1986,24000,"CA Dept Conserv",,5510209,288956,,-122.89629517999992,41.02706450200009
84547,CA,Trinity,"Prospect Pit",,0,"Caribou Lake",1986,24000,"CA Dept Conserv",,5510209,288956,,-122.89820462699993,41.03074063400004
84557,CA,Trinity,"Prospect Pit",,0,"Caribou Lake",2001,24000,USGS,,5510213,302620,,-122.91223701699994,41.056511896000075
84565,CA,Trinity,"Prospect Pit",,0,"Caribou Lake",1986,24000,"CA Dept Conserv",,5510209,288956,,-122.91331301799994,41.055792774000054
501331,CA,Trinity,"Prospect Pit",,0,"Coffee Creek",1955,62500,USGS,,5501125,297127,,-122.89632536599993,41.028100271000085
489748,CA,Siskiyou,Adit,,83,"Coffee Creek",1955,62500,USGS,,5501125,297127,e,-122.89751128899991,41.029120584000054
490119,CA,Trinity,Adit,,192,"Coffee Creek",1955,62500,USGS,,5501125,297127,s,-122.91232285399991,41.05646249400007
490087,CA,Trinity,Adit,"Dorleska Mine",266,"Coffee Creek",1955,62500,USGS,,5501125,297127,w,-122.91035265999994,41.05783306300009
48992,CA,Trinity,Adit,"Salmon Summit Mine",286,"Youngs Peak",1979,24000,"CA Dept Conserv",,5526491,301467,w,-123.3663266019999,41.15595704800006
490039,CA,Trinity,Adit,,278,"Salmon Mtn.",1955,62500,USGS,,5504091,298827,w,-123.36535210499994,41.15743466200007
490041,CA,Trinity,Adit,"Summit Mine",277,"Salmon Mtn.",1955,62500,USGS,,5504091,298827,w,-123.36675325499994,41.15501378600004
84460,CA,Trinity,"Prospect Pit",,0,"Seven Lakes Basin",1986,24000,"CA Dept Conserv",,5523143,295130,,-122.47385194099991,41.17349845000007
52981,CA,Trinity,Mine,"Trout Creek Mine (Site)",0,"Four Corners Rock",1997,24000,"CA Dept Conserv","Label without symbol. Point placed on building symbol and feature type inferred from label.",5514103,101458,,-123.2263336129999,40.12224867200007
60265,CA,Trinity,"Open Pit Mine",,0,"Shannon Butte",1967,24000,"CA Dept Conserv",,5523203,300433,,-123.26982054599989,40.19872990500005
60270,CA,Trinity,"Open Pit Mine","Barry Creek Mine",0,"Shannon Butte",1967,24000,"CA Dept Conserv",,5523203,300433,,-123.2684347529999,40.19737935400008
60276,CA,Trinity,"Open Pit Mine",,0,"Shannon Butte",1967,24000,"CA Dept Conserv",,5523203,300433,,-123.27535330899991,40.20665890400005
60279,CA,Trinity,"Open Pit Mine","Lucky Sunday Mine",0,"Swim Ridge",1997,24000,"CA Dept Conserv",,5524219,295365,,-123.23758101099992,40.153796716000045
60284,CA,Trinity,"Open Pit Mine",,0,"Swim Ridge",1997,24000,"CA Dept Conserv",,5524219,295365,,-123.2044763529999,40.20336187300006
60285,CA,Trinity,"Open Pit Mine","Bonanza Mine",0,"Swim Ridge",1997,24000,"CA Dept Conserv",,5524219,295365,,-123.20525610499993,40.20242646600008
495049,CA,Trinity,"Open Pit Mine","Trout Creek Mine",0,"Black Rock Mtn.",1954,62500,USGS,,5500581,296826,,-123.22559911299993,40.12081187300004
495058,CA,Trinity,"Open Pit Mine","Bonanza Mine",0,"Black Rock Mtn.",1954,62500,USGS,,5500581,296826,,-123.2050113709999,40.20378239100006
495065,CA,Trinity,"Open Pit Mine","Lucky Sunday Mine",0,"Black Rock Mtn.",1954,62500,USGS,,5500581,296826,,-123.2375582389999,40.153820678000045
501321,CA,Trinity,"Prospect Pit",,0,"Black Rock Mtn.",1954,62500,USGS,,5500581,296826,,-123.24126888199993,40.15916907400003
49011,CA,Trinity,Adit,,109,"Whisky Bill Peak",1986,24000,"CA Dept Conserv",,5526065,295754,e,-122.57112780799991,41.038943248000066
490062,CA,Trinity,Adit,Tunnel,80,"Bonanza King",1955,62500,USGS,,5500647,296862,e,-122.57074605999992,41.03991040600005
48958,CA,Trinity,Adit,,118,"Whisky Bill Peak",1986,24000,"CA Dept Conserv",,5526065,295754,se,-122.5698423849999,41.03881748500004
490038,CA,Trinity,Adit,,116,"Bonanza King",1955,62500,USGS,,5500647,296862,se,-122.64153298399992,41.00791004100006
490108,CA,Trinity,Adit,Tunnel,165,"China Mtn.",1955,62500,USGS,,5501053,297089,s,-122.58831559999993,41.283094876000064
49021,CA,Trinity,Adit,,215,"Mumbo Basin",1986,24000,"CA Dept Conserv",,5519323,293392,sw,-122.54792430799989,41.136948149000034
50484,CA,Trinity,"Borrow Pit",,0,"South China Mtn.",1986,24000,"CA Dept Conserv",,5523749,295268,,-122.53855518599994,41.34276993600008
48965,CA,Trinity,Adit,"Altoona Mine",311,"Mumbo Basin",1998,24000,USGS,,5519321,102303,nw,-122.54522403499993,41.13567093000006
50485,CA,Trinity,"Borrow Pit",,0,"Seven Lakes Basin",1986,24000,"CA Dept Conserv",,5523143,295130,,-122.45597542199994,41.154174029000046
50486,CA,Trinity,"Borrow Pit",,0,"Whisky Bill Peak",1986,24000,"CA Dept Conserv",,5526065,295754,,-122.5444511579999,41.00465985900007
48984,CA,Trinity,Adit,,316,"Mumbo Basin",1986,24000,"CA Dept Conserv",,5519323,293392,nw,-122.53672759999989,41.145770430000084
58767,CA,Trinity,"Mine Shaft",,0,"Mumbo Basin",1986,24000,"CA Dept Conserv",,5519323,293392,,-122.54879875099994,41.137405784000066
49000,CA,Trinity,Adit,,321,Carrville,1986,24000,USGS,,5510325,288996,nw,-122.62629043499993,41.07361791800008
58771,CA,Trinity,"Mine Shaft",,0,"Mumbo Basin",1986,24000,"CA Dept Conserv",,5519323,293392,,-122.54741968899992,41.13688446300006
490102,CA,Trinity,Adit,"Integral Mine",293,"Bonanza King",1955,62500,USGS,,5500647,296862,nw,-122.53682379799994,41.14631465500008
58772,CA,Trinity,"Mine Shaft",,0,"Mumbo Basin",1986,24000,"CA Dept Conserv",,5519323,293392,,-122.53649531399992,41.146886608000045
60262,CA,Trinity,"Open Pit Mine",,0,"South China Mtn.",1986,24000,"CA Dept Conserv",,5523749,295268,,-122.6084288269999,41.26833647400008
60266,CA,Trinity,"Open Pit Mine","Altoona Mine",0,"Mumbo Basin",1986,24000,"CA Dept Conserv",,5519323,293392,,-122.54547735799991,41.13582519000005
60269,CA,Trinity,"Open Pit Mine",,0,"South China Mtn.",1986,24000,"CA Dept Conserv",,5523749,295268,,-122.62458619199992,41.25879925400005
60272,CA,Trinity,"Open Pit Mine",,0,"Mumbo Basin",1986,24000,"CA Dept Conserv",,5519323,293392,,-122.5218580479999,41.15991536100006
60273,CA,Trinity,"Open Pit Mine","Integral Mine",0,"Mumbo Basin",1986,24000,"CA Dept Conserv",,5519323,293392,,-122.53545303399994,41.14616928600009
60274,CA,Trinity,"Open Pit Mine",,0,"South China Mtn.",1986,24000,"CA Dept Conserv",,5523749,295268,,-122.56460182299992,41.30627705100005
60280,CA,Trinity,"Open Pit Mine",,0,"Mumbo Basin",1986,24000,"CA Dept Conserv",,5519323,293392,,-122.5339181409999,41.14580234300007
60281,CA,Trinity,"Open Pit Mine",,0,"Mumbo Basin",1986,24000,"CA Dept Conserv",,5519323,293392,,-122.5727553239999,41.185624648000044
60286,CA,Trinity,"Open Pit Mine","Kadas Mine",0,Carrville,1998,24000,USGS,,5510323,100067,,-122.6539759389999,41.022106560000054
60288,CA,Trinity,"Open Pit Mine",,0,"Mumbo Basin",1986,24000,"CA Dept Conserv",,5519323,293392,,-122.52767851599992,41.16307484300006
60290,CA,Trinity,"Open Pit Mine",,0,"Mumbo Basin",1986,24000,"CA Dept Conserv",,5519323,293392,,-122.57523388499993,41.18563380900008
60294,CA,Trinity,"Open Pit Mine",,0,"Whisky Bill Peak",1986,24000,"CA Dept Conserv",,5526065,295754,,-122.59581303099992,41.032212696000045
60296,CA,Trinity,"Open Pit Mine",,0,"Scott Mountain",1986,24000,"CA Dept Conserv",,5523049,295118,,-122.62658028699991,41.257325209000044
84459,CA,Trinity,"Prospect Pit",,0,"South China Mtn.",1986,24000,"CA Dept Conserv",,5523749,295268,,-122.6032395279999,41.272651788000076
84463,CA,Trinity,"Prospect Pit",,0,"Seven Lakes Basin",1986,24000,"CA Dept Conserv",,5523143,295130,,-122.4751767329999,41.17033786200005
84470,CA,Trinity,"Prospect Pit",,0,"Seven Lakes Basin",1986,24000,"CA Dept Conserv",,5523143,295130,,-122.48458446199993,41.17601248200003
84475,CA,Trinity,"Prospect Pit",,0,"Chicken Hawk Hill",1986,24000,"CA Dept Conserv",,5510695,289165,,-122.4596152069999,41.10501172100004
84481,CA,Trinity,"Prospect Pit",,0,"Mumbo Basin",1986,24000,"CA Dept Conserv",,5519323,293392,,-122.56995073899992,41.18604884900009
84482,CA,Trinity,"Prospect Pit",,0,Carrville,1986,24000,"CA Dept Conserv",,5510325,288996,,-122.67542107799994,41.07038699800006
84491,CA,Trinity,"Prospect Pit",,0,"Mumbo Basin",1986,24000,"CA Dept Conserv",,5519323,293392,,-122.53631708299991,41.146345556000085
84492,CA,Trinity,"Prospect Pit",,0,Carrville,1998,24000,USGS,,5510323,100067,,-122.6518317199999,41.108859789000064
84495,CA,Trinity,"Prospect Pit",,0,"Seven Lakes Basin",1986,24000,"CA Dept Conserv",,5523143,295130,,-122.47685603199994,41.17092106500007
84507,CA,Trinity,"Prospect Pit",,0,"Seven Lakes Basin",1986,24000,"CA Dept Conserv",,5523143,295130,,-122.4949518759999,41.141751543000055
84522,CA,Trinity,"Prospect Pit",,0,"Whisky Bill Peak",1986,24000,"CA Dept Conserv",,5526065,295754,,-122.57019181599992,41.03924254200007
84528,CA,Trinity,"Prospect Pit",,0,"Seven Lakes Basin",1986,24000,"CA Dept Conserv",,5523143,295130,,-122.47716219699993,41.173631638000074
84532,CA,Trinity,"Prospect Pit",,0,Carrville,1986,24000,"CA Dept Conserv",,5510325,288996,,-122.65206284099992,41.108649771000046
84553,CA,Trinity,"Prospect Pit",,0,Carrville,1986,24000,"CA Dept Conserv",,5510325,288996,,-122.6458310509999,41.108620736000034
84562,CA,Trinity,"Prospect Pit",,0,"Seven Lakes Basin",1986,24000,"CA Dept Conserv",,5523143,295130,,-122.47684419399991,41.172981727000035
84572,CA,Trinity,"Prospect Pit",,0,"Whisky Bill Peak",1986,24000,"CA Dept Conserv",,5526065,295754,,-122.52278486599994,41.09668328100008
84576,CA,Trinity,"Prospect Pit",,0,"Whisky Bill Peak",1986,24000,"CA Dept Conserv",,5526065,295754,,-122.52246458999991,41.09688571300006
84577,CA,Trinity,"Prospect Pit",,0,"Whisky Bill Peak",1986,24000,"CA Dept Conserv",,5526065,295754,,-122.52245476699994,41.09654079000006
84589,CA,Trinity,"Prospect Pit",,0,Carrville,1986,24000,"CA Dept Conserv",,5510325,288996,,-122.6541597339999,41.02199542800008
495066,CA,Trinity,"Open Pit Mine","Altoona Mine",0,"Bonanza King",1955,62500,USGS,,5500647,296862,,-122.54657192799993,41.13650648300006
495969,CA,Trinity,"Open Pit Mine or Quarry",,0,"Bonanza King",1955,62500,USGS,,5500647,296862,,-122.52718450599991,41.16189352400005
495975,CA,Trinity,"Open Pit Mine or Quarry",,0,"Bonanza King",1955,62500,USGS,,5500647,296862,,-122.51347571299993,41.191828985000086
495979,CA,Trinity,"Open Pit Mine or Quarry",,0,Dunsmuir,1954,62500,USGS,,5501555,297367,,-122.45915854799989,41.10439407000007
495985,CA,Trinity,"Open Pit Mine or Quarry",,0,"Bonanza King",1955,62500,USGS,,5500647,296862,,-122.57336686699995,41.18662511600007
501304,CA,Trinity,"Prospect Pit",,0,"Bonanza King",1955,62500,USGS,,5500647,296862,,-122.53438921499992,41.08477552800008
501319,CA,Trinity,"Prospect Pit",,0,Dunsmuir,1954,62500,USGS,,5501555,297367,,-122.4750304129999,41.16968346800007
501322,CA,Trinity,"Prospect Pit",,0,"Bonanza King",1955,62500,USGS,,5500647,296862,,-122.56312363399991,41.117898677000085
501325,CA,Trinity,"Prospect Pit",,0,"Bonanza King",1955,62500,USGS,,5500647,296862,,-122.64054252999989,41.066865385000085
501327,CA,Trinity,"Prospect Pit",,0,"China Mtn.",1955,62500,USGS,,5501053,297089,,-122.61976731499993,41.261318524000046
490047,CA,Trinity,Adit,,22,"Bonanza King",1955,62500,USGS,,5500647,296862,n,-122.62759825899991,41.07563456400004
48926,CA,Trinity,Adit,,64,"Whisky Bill Peak",1986,24000,"CA Dept Conserv",,5526065,295754,ne,-122.5232949409999,41.09682690500006
49024,CA,Trinity,Adit,,33,Carrville,1986,24000,USGS,,5510325,288996,ne,-122.62711832399992,41.071943640000086
490074,CA,Trinity,Adit,,54,"Bonanza King",1955,62500,USGS,,5500647,296862,ne,-122.65626164399993,41.05185541000009
490076,CA,Trinity,Adit,,55,"Bonanza King",1955,62500,USGS,,5500647,296862,ne,-122.52214864599989,41.09733736000004
490125,CA,Trinity,Adit,,25,"Bonanza King",1955,62500,USGS,,5500647,296862,ne,-122.62736150899991,41.07206242700005
494083,CA,Trinity,"Mine Shaft","Mary Blaine Mine",0,"Salmon Mtn.",1955,62500,USGS,,5504091,298827,,-123.26239562299992,41.091946997000036
495052,CA,Trinity,"Open Pit Mine","Robbers Roost Mine",0,"Salmon Mtn.",1955,62500,USGS,,5504091,298827,,-123.31864162099993,41.057093560000055
495990,CA,Trinity,"Open Pit Mine or Quarry",,0,"Ironside Mtn.",1951,62500,USGS,,5502309,297799,,-123.3849622859999,40.95114492500005
501314,CA,Trinity,"Prospect Pit",,0,"Salmon Mtn.",1955,62500,USGS,,5504091,298827,,-123.28349643699994,41.098078367000085
48915,CA,Trinity,Adit,"Sherwood Mine",2,"Dees Peak",1978,24000,"CA Dept Conserv",,5512263,289821,n,-123.28715678799995,41.09023298900007
48929,CA,Trinity,Adit,"Cinnabar Mine",0,"Dees Peak",1978,24000,"CA Dept Conserv",,5512263,289821,n,-123.25920776099991,41.08317227400005
49006,CA,Trinity,Adit,"Hunter Mine",1,"Dees Peak",1978,24000,"CA Dept Conserv",,5512263,289821,n,-123.28429795099993,41.08678755800008
48981,CA,Trinity,Adit,,61,"Jim Jam Ridge",1982,24000,"CA Dept Conserv",,5516159,291702,ne,-123.37554126599991,40.92815053700008
49015,CA,Trinity,Adit,"Index Mine",67,Denny,1982,24000,"CA Dept Conserv",,5512343,289863,ne,-123.3952064259999,40.963030667000055
49027,CA,Trinity,Adit,,66,Denny,1982,24000,"CA Dept Conserv",,5512343,289863,ne,-123.39570966299993,40.96369415000004
490043,CA,Trinity,Adit,"Index Mine",40,"Ironside Mtn.",1951,62500,USGS,,5502309,297799,ne,-123.39434821999993,40.963877720000085
490083,CA,Trinity,Adit,,33,"Ironside Mtn.",1951,62500,USGS,,5502309,297799,ne,-123.39518875499994,40.96326181000006
490116,CA,Trinity,Adit,"Cinnabar Mine",39,"Salmon Mtn.",1955,62500,USGS,,5504091,298827,ne,-123.26175562999993,41.08512412200008
490117,CA,Trinity,Adit,,46,"Ironside Mtn.",1951,62500,USGS,,5502309,297799,ne,-123.39549308699992,40.963877720000085
490054,CA,Trinity,Adit,"Jumbo Mine",112,"Salmon Mtn.",1955,62500,USGS,,5504091,298827,e,-123.38710459099991,41.12734720900005
490101,CA,Trinity,Adit,"Boomer Mine",90,"Salmon Mtn.",1955,62500,USGS,,5504091,298827,e,-123.26974074399993,41.06724170500007
490126,CA,Trinity,Adit,"Bonanza King Mine",333,"Bonanza King",1955,62500,USGS,,5500647,296862,nw,-122.62615686999993,41.07390768300007
48939,CA,Trinity,Adit,"Brooks Mine",118,"Youngs Peak",1979,24000,"CA Dept Conserv",,5526491,301467,se,-123.33371002699994,41.145913979000056
48943,CA,Trinity,Adit,"Boomer Mine",150,"Dees Peak",1978,24000,"CA Dept Conserv",,5512263,289821,se,-123.26389724099994,41.07221379300006
48990,CA,Trinity,Adit,,116,"Youngs Peak",1979,24000,"CA Dept Conserv",,5526491,301467,se,-123.3337433509999,41.14545252700009
48977,CA,Trinity,Adit,,357,Carrville,1998,24000,USGS,,5510323,100067,n,-122.6275063139999,41.075285644000076
49019,CA,Trinity,Adit,,144,"Dees Peak",1978,24000,"CA Dept Conserv",,5512263,289821,se,-123.26441751399994,41.073077513000044
490079,CA,Trinity,Adit,"Hunter Mine",114,"Salmon Mtn.",1955,62500,USGS,,5504091,298827,se,-123.27894243799994,41.080961967000064
490089,CA,Trinity,Adit,"Brooks Mine",125,"Salmon Mtn.",1955,62500,USGS,,5504091,298827,se,-123.33256847599989,41.14513742000008
490104,CA,Trinity,Adit,"Gunbarrel Mine",123,"Salmon Mtn.",1955,62500,USGS,,5504091,298827,se,-123.2826171719999,41.10936749400008
490112,CA,Trinity,Adit,,147,"Salmon Mtn.",1955,62500,USGS,,5504091,298827,se,-123.26973995899993,41.07237020000008
84455,CA,Trinity,"Prospect Pit",,0,"Dees Peak",1978,24000,"CA Dept Conserv",,5512263,289821,,-123.28238186499993,41.11034568100007
490127,CA,Trinity,Adit,,124,"Salmon Mtn.",1955,62500,USGS,,5504091,298827,se,-123.2616535489999,41.09301558300007
490093,CA,Trinity,Adit,,180,"Salmon Mtn.",1955,62500,USGS,,5504091,298827,s,-123.33094677499992,41.14543280200007
490035,CA,Trinity,Adit,"Hazel D Mine",315,"Ironside Mtn.",1951,62500,USGS,,5502309,297799,nw,-123.39523965399991,40.94669311200005
84456,CA,Trinity,"Prospect Pit",,0,"Dees Peak",1978,24000,"CA Dept Conserv",,5512263,289821,,-123.28023916799992,41.10292684600006
490036,CA,Trinity,Adit,"Uncle Sam Mine",321,"Salmon Mtn.",1955,62500,USGS,,5504091,298827,nw,-123.28341908699991,41.094607558000064
84471,CA,Trinity,"Prospect Pit",,0,"Dees Peak",1978,24000,"CA Dept Conserv",,5512263,289821,,-123.2819457889999,41.09399478100005
490085,CA,Trinity,Adit,"Sherwood Mine",322,"Salmon Mtn.",1955,62500,USGS,,5504091,298827,nw,-123.2838467389999,41.091248551000035
490100,CA,Trinity,Adit,,297,"Salmon Mtn.",1955,62500,USGS,,5504091,298827,nw,-123.38888730499991,41.128201035000075
84486,CA,Trinity,"Prospect Pit",,0,"Dees Peak",1978,24000,"CA Dept Conserv",,5512263,289821,,-123.26205113299994,41.092645728000036
48985,CA,Trinity,Adit,,350,"Dees Peak",1978,24000,"CA Dept Conserv",,5512263,289821,n,-123.28620853299992,41.09041558800004
84498,CA,Trinity,"Prospect Pit",,0,"Dees Peak",1978,24000,"CA Dept Conserv",,5512263,289821,,-123.2633601469999,41.09259383700004
84502,CA,Trinity,"Prospect Pit",,0,"Dees Peak",1978,24000,"CA Dept Conserv",,5512263,289821,,-123.2751275039999,41.07918786600004
84515,CA,Trinity,"Prospect Pit",,0,"Dees Peak",1978,24000,"CA Dept Conserv",,5512263,289821,,-123.25882222399991,41.082853889000035
50820,CA,Trinity,"Coal Mine","Reese Brothers Coal Mine",0,"Hoosimbim Mtn.",1982,24000,"CA Dept Conserv",,5515625,291420,,-122.91888451699992,40.58955399100006
60267,CA,Trinity,"Open Pit Mine",,0,"Junction City",1982,24000,"CA Dept Conserv",,5516245,291748,,-123.02720328599992,40.66351826200008
60271,CA,Trinity,"Open Pit Mine",,0,"Junction City",1982,24000,"CA Dept Conserv",,5516245,291748,,-123.01845349799993,40.661237019000055
60278,CA,Trinity,"Open Pit Mine",,0,"Junction City",1982,24000,"CA Dept Conserv",,5516245,291748,,-123.0516976159999,40.72921897900005
60291,CA,Trinity,"Open Pit Mine",,0,"Junction City",1982,24000,USGS,,5516245,291748,,-123.04220162799993,40.72563437400004
60292,CA,Trinity,"Open Pit Mine",,0,Dedrick,1982,24000,"CA Dept Conserv",,5512245,289813,,-123.04058586999992,40.85303446700004
60295,CA,Trinity,"Open Pit Mine",,0,"Junction City",1982,24000,"CA Dept Conserv","Labeled as abandoned.",5516245,291748,,-123.02336696799989,40.65859919700006
84452,CA,Trinity,"Prospect Pit",,0,"Mount Hilton",1998,24000,USGS,,5518953,101654,,-123.00175538499991,40.88738650100004
84472,CA,Trinity,"Prospect Pit",,0,"Rush Creek Lakes",1982,24000,"CA Dept Conserv",,5522043,294852,,-122.9840946839999,40.798717243000056
84494,CA,Trinity,"Prospect Pit",,0,"Siligo Peak",1982,24000,"CA Dept Conserv",,5523371,300487,,-122.99359961499994,40.89043311200004
84500,CA,Trinity,"Prospect Pit",,0,Dedrick,1982,24000,"CA Dept Conserv",,5512245,289813,,-123.01410840099993,40.84615123600008
84501,CA,Trinity,"Prospect Pit",,0,"Mt. Hilton",1982,24000,"CA Dept Conserv",,5519193,293317,,-123.01028505999994,40.87592544200004
84517,CA,Trinity,"Prospect Pit",,0,"Dees Peak",1978,24000,"CA Dept Conserv",,5512263,289821,,-123.2841801219999,41.09461225200005
84587,CA,Trinity,"Prospect Pit",,0,"Mount Hilton",1998,24000,USGS,,5518953,101654,,-123.0041196169999,40.887523558000055
84524,CA,Trinity,"Prospect Pit",,0,"Dees Peak",1978,24000,"CA Dept Conserv",,5512263,289821,,-123.27485663399995,41.07992228300009
490536,CA,Trinity,"Coal Mine","Reese Brothers Coal Mine",0,Weaverville,1950,62500,USGS,,5505053,301959,,-122.9182410759999,40.59057915400007
84525,CA,Trinity,"Prospect Pit",,0,"Dees Peak",1978,24000,"CA Dept Conserv",,5512263,289821,,-123.26314801099994,41.07311447100005
495051,CA,Trinity,"Open Pit Mine","Red Hill Mine",0,Helena,1951,62500,USGS,,5502117,297680,,-123.07697570999994,40.75615259700004
84526,CA,Trinity,"Prospect Pit",,0,"Dees Peak",1978,24000,"CA Dept Conserv",,5512263,289821,,-123.27870072899992,41.08514344400004
495054,CA,Trinity,"Open Pit Mine","La Grange Mine",0,Weaverville,1950,62500,USGS,,5505053,301959,,-122.9903443959999,40.740175375000035
495064,CA,Trinity,"Open Pit Mine","Union Hill Mine",0,Weaverville,1950,62500,USGS,,5505053,301959,,-122.9299458669999,40.66118989600005
84538,CA,Trinity,"Prospect Pit",,0,"Dees Peak",1978,24000,"CA Dept Conserv",,5512263,289821,,-123.27608156699989,41.08008533100008
495968,CA,Trinity,"Open Pit Mine or Quarry",,0,Helena,1951,62500,USGS,,5502117,297680,,-123.13308340099991,40.77105754100006
495970,CA,Trinity,"Open Pit Mine or Quarry",,0,Helena,1951,62500,USGS,,5502117,297680,,-123.13940324899994,40.76692679700005
84541,CA,Trinity,"Prospect Pit",,0,"Dees Peak",1978,24000,"CA Dept Conserv",,5512263,289821,,-123.25972785499994,41.082923650000055
495971,CA,Trinity,"Open Pit Mine or Quarry",,0,Hayfork,1951,62500,USGS,,5502083,297659,,-123.06504056099993,40.733972545000086
84558,CA,Trinity,"Prospect Pit",,0,"Dees Peak",1978,24000,"CA Dept Conserv",,5512263,289821,,-123.26309409899994,41.08448729200006
495972,CA,Trinity,"Open Pit Mine or Quarry",,0,Helena,1951,62500,USGS,,5502117,297680,,-123.03934215499993,40.85350110600007
495973,CA,Trinity,"Open Pit Mine or Quarry",,0,Hayfork,1951,62500,USGS,,5502083,297659,,-123.04337556899992,40.72440711200005
84559,CA,Trinity,"Prospect Pit",,0,"Dees Peak",1978,24000,"CA Dept Conserv",,5512263,289821,,-123.2631149739999,41.092351878000045
495974,CA,Trinity,"Open Pit Mine or Quarry",,0,Helena,1951,62500,USGS,,5502117,297680,,-123.0547325089999,40.809071810000034
495976,CA,Trinity,"Open Pit Mine or Quarry",,0,Hayfork,1951,62500,USGS,,5502083,297659,,-123.0512991739999,40.72804768800006
84564,CA,Trinity,"Prospect Pit",,0,"Dees Peak",1978,24000,"CA Dept Conserv",,5512263,289821,,-123.26041077899993,41.087271447000035
495977,CA,Trinity,"Open Pit Mine or Quarry",,0,Hayfork,1951,62500,USGS,,5502083,297659,,-123.0419121999999,40.692665102000035
495978,CA,Trinity,"Open Pit Mine or Quarry",,0,Hayfork,1951,62500,USGS,,5502083,297659,,-123.02784958599995,40.66325496400009
495980,CA,Trinity,"Open Pit Mine or Quarry",,0,Hayfork,1951,62500,USGS,,5502083,297659,,-123.0612929099999,40.722027651000076
495982,CA,Trinity,"Open Pit Mine or Quarry",,0,Hayfork,1951,62500,USGS,,5502083,297659,,-123.0418289189999,40.70537142400008
495988,CA,Trinity,"Open Pit Mine or Quarry",,0,Hayfork,1951,62500,USGS,,5502083,297659,,-123.05175127199993,40.717792211000074
84570,CA,Trinity,"Prospect Pit",,0,"Dees Peak",1978,24000,"CA Dept Conserv",,5512263,289821,,-123.25909614999989,41.082501095000055
48924,CA,Trinity,Adit,,2,"Siligo Peak",1982,24000,USGS,,5523371,300487,n,-123.00043913699994,40.88636162200004
48947,CA,Trinity,Adit,,17,"Mt. Hilton",1982,24000,"CA Dept Conserv",,5519193,293317,n,-123.07917731599991,40.89116856900006
84579,CA,Trinity,"Prospect Pit",,0,"Dees Peak",1978,24000,"CA Dept Conserv",,5512263,289821,,-123.2591997319999,41.08300988900004
48989,CA,Trinity,Adit,"Enterprise Mine",15,Dedrick,1982,24000,"CA Dept Conserv",,5512245,289813,n,-123.12425137199995,40.84539547900005
48997,CA,Trinity,Adit,"McClaron Mine",7,"Mt. Hilton",1982,24000,"CA Dept Conserv",,5519193,293317,n,-123.10544188699993,40.90690955700006
84581,CA,Trinity,"Prospect Pit",,0,"Dees Peak",1978,24000,"CA Dept Conserv",,5512263,289821,,-123.2797986679999,41.08252465600009
48916,CA,Trinity,Adit,,44,"Rush Creek Lakes",1982,24000,"CA Dept Conserv",,5522043,294852,ne,-122.98854609499995,40.80224572600008
48940,CA,Trinity,Adit,,61,"Mt. Hilton",1982,24000,"CA Dept Conserv",,5519193,293317,ne,-123.0787531329999,40.88993564400005
84582,CA,Trinity,"Prospect Pit",,0,"Dees Peak",1978,24000,"CA Dept Conserv",,5512263,289821,,-123.27985678499994,41.10275947400004
48960,CA,Trinity,Adit,,63,"Rush Creek Lakes",1982,24000,"CA Dept Conserv",,5522043,294852,ne,-122.99911047899991,40.87226725800008
48993,CA,Trinity,Adit,"Ozark Mine",23,Dedrick,1982,24000,"CA Dept Conserv",,5512245,289813,ne,-123.11553123199991,40.822097977000055
49005,CA,Trinity,Adit,"Chloride Mine",51,"Siligo Peak",1982,24000,"CA Dept Conserv",,5523371,300487,ne,-122.9977174529999,40.88841394100007
490060,CA,Trinity,Adit,"Chloride Mine",64,Helena,1951,62500,USGS,,5502117,297680,ne,-123.0077429129999,40.879637105000086
490099,CA,Trinity,Adit,"Ozark Mine",41,Helena,1951,62500,USGS,,5502117,297680,ne,-123.1159036919999,40.822834612000065
490105,CA,Trinity,Adit,"Ralston Group",49,Helena,1951,62500,USGS,,5502117,297680,ne,-123.00799037699994,40.86867254900005
48914,CA,Trinity,Adit,,107,Weaverville,1982,24000,"CA Dept Conserv",,5525755,301258,e,-122.9498036029999,40.64522511300004
48933,CA,Trinity,Adit,"Alaska Mine",86,"Mt. Hilton",1982,24000,"CA Dept Conserv",,5519193,293317,e,-123.08328032999992,40.89285396900004
48936,CA,Trinity,Adit,,109,"Mt. Hilton",1982,24000,"CA Dept Conserv",,5519193,293317,e,-123.08001313799991,40.89173306500004
48956,CA,Trinity,Adit,"Ralston Group",77,Dedrick,1982,24000,"CA Dept Conserv",,5512245,289813,e,-123.00805797999993,40.86889171000007
52420,CA,Trinity,"Gravel Pit",,0,"Trinity Center",1982,24000,"CA Dept Conserv",,5524869,295518,,-122.73768208399991,40.99729056500007
48957,CA,Trinity,Adit,,68,"Siligo Peak",1982,24000,"CA Dept Conserv",,5523371,300487,e,-122.99538234599993,40.89075032300008
48978,CA,Trinity,Adit,,75,Weaverville,1982,24000,"CA Dept Conserv",,5525755,301258,e,-122.9589308159999,40.65143931600005
48995,CA,Trinity,Adit,,70,Weaverville,1982,24000,"CA Dept Conserv",,5525755,301258,e,-122.9660880639999,40.66141272800007
52424,CA,Trinity,"Gravel Pit",,0,"Trinity Center",1982,24000,"CA Dept Conserv",,5524869,295518,,-122.7088380159999,40.96213043000006
49012,CA,Trinity,Adit,,90,Dedrick,1982,24000,"CA Dept Conserv",,5512245,289813,e,-123.02089680299991,40.85704394900006
49017,CA,Trinity,Adit,"Ellen Mine",76,Dedrick,1982,24000,"CA Dept Conserv",,5512245,289813,e,-123.00466705499991,40.859850287000086
52430,CA,Trinity,"Gravel Pit",,0,Carrville,1986,24000,"CA Dept Conserv",,5510325,288996,,-122.6995970669999,41.07991360600005
49033,CA,Trinity,Adit,"Maple Mine",76,Dedrick,1982,24000,"CA Dept Conserv",,5512245,289813,e,-123.02290997099993,40.85345665400007
52431,CA,Trinity,"Gravel Pit",,0,Carrville,1986,24000,"CA Dept Conserv",,5510325,288996,,-122.70370409299994,41.09407551400005
490046,CA,Trinity,Adit,,92,Helena,1951,62500,USGS,,5502117,297680,e,-123.08346878399993,40.893083915000034
490067,CA,Trinity,Adit,"Maple Mine",71,Helena,1951,62500,USGS,,5502117,297680,e,-123.01358686899994,40.85393892700006
52433,CA,Trinity,"Gravel Pit",,0,"Covington Mill",1982,24000,"CA Dept Conserv",,5511723,289592,,-122.77589666699993,40.909757220000074
490070,CA,Trinity,Adit,,84,Helena,1951,62500,USGS,,5502117,297680,e,-123.00570609399995,40.848437613000044
490080,CA,Trinity,Adit,,76,Weaverville,1950,62500,USGS,,5505053,301959,e,-122.95008674199994,40.707495977000065
52913,CA,Trinity,"Hydraulic Mine",,0,"Covington Mill",1982,24000,"CA Dept Conserv",,5511723,289592,,-122.7582909709999,40.971928793000075
490095,CA,Trinity,Adit,"Alaska Mine",109,Helena,1951,62500,USGS,,5502117,297680,e,-123.0853875809999,40.89134786100004
48913,CA,Trinity,Adit,,137,"Mt. Hilton",1982,24000,"CA Dept Conserv",,5519193,293317,se,-123.11243142399991,40.90506388600005
52914,CA,Trinity,"Hydraulic Mine",,0,"Trinity Dam",1982,24000,"CA Dept Conserv",,5524879,300953,,-122.86830843799993,40.84919711900005
48917,CA,Trinity,Adit,,191,"Mt. Hilton",1982,24000,"CA Dept Conserv",,5519193,293317,s,-123.11310274399995,40.90481356300006
48948,CA,Trinity,Adit,,186,"Mt. Hilton",1982,24000,"CA Dept Conserv",,5519193,293317,s,-123.11616106799994,40.90308355800005
60263,CA,Trinity,"Open Pit Mine","Lady Slipper Mine",0,"Ycatapom Peak",1998,24000,USGS,,5526421,102172,,-122.86023700999993,41.12325563400009
490071,CA,Trinity,Adit,,184,Helena,1951,62500,USGS,,5502117,297680,s,-123.11638910199991,40.90312714400005
490128,CA,Trinity,Adit,"McClaron Mine",172,Helena,1951,62500,USGS,,5502117,297680,s,-123.10527797099991,40.90672489000008
48959,CA,Trinity,Adit,"Yellowstone Mine",219,Helena,1982,24000,"CA Dept Conserv",,5515327,291265,sw,-123.13461489199995,40.848416773000054
49014,CA,Trinity,Adit,,246,Helena,1982,24000,"CA Dept Conserv",,5515327,291265,sw,-123.12637900399994,40.843592036000075
49020,CA,Trinity,Adit,"Lone Jack Mine",214,Helena,1982,24000,"CA Dept Conserv",,5515327,291265,sw,-123.1269292159999,40.84409022500006
60264,CA,Trinity,"Open Pit Mine","Liberty Mine",0,"Ycatapom Peak",1998,24000,USGS,,5526421,102172,,-122.78620912299994,41.097934362000046
490075,CA,Trinity,Adit,"Yellowstone Mine",211,Helena,1951,62500,USGS,,5502117,297680,sw,-123.1342636139999,40.84832339900004
490086,CA,Trinity,Adit,,247,Minersville,1950,62500,USGS,,5503019,298206,sw,-122.99096432599993,40.89025352800007
490092,CA,Trinity,Adit,"Globe Mine",216,Minersville,1950,62500,USGS,,5503019,298206,sw,-122.98953773599993,40.89088937900004
490123,CA,Trinity,Adit,"Mason & Thayer Mine",233,Helena,1951,62500,USGS,,5502117,297680,sw,-123.01672775799994,40.84234619300008
60268,CA,Trinity,"Open Pit Mine","Mary Queen Mine",0,"Billys Peak",1998,24000,USGS,,5508599,100187,,-122.85177009299991,41.12817653800005
490063,CA,Trinity,Adit,"Lone Jack Mine",267,Helena,1951,62500,USGS,,5502117,297680,w,-123.12531684099991,40.84463047600008
60277,CA,Trinity,"Open Pit Mine",,0,"Deadman Peak",2001,24000,USGS,,5512235,289807,,-122.9085603399999,41.15833097600006
48904,CA,Trinity,Adit,,297,Helena,1982,24000,"CA Dept Conserv",,5515327,291265,nw,-123.12704405699992,40.84267741700006
49028,CA,Trinity,Adit,,297,Dedrick,1982,24000,"CA Dept Conserv",,5512245,289813,nw,-123.11606693699991,40.82169064000004
490037,CA,Trinity,Adit,"Enterprise Mine",342,Helena,1951,62500,USGS,,5502117,297680,n,-123.12337519999994,40.84632465100009
490059,CA,Trinity,Adit,,349,Helena,1951,62500,USGS,,5502117,297680,n,-123.1054454849999,40.90749393100003
490056,CA,Trinity,Adit,"Del Loma Cave",66,"Ironside Mtn.",1951,62500,USGS,,5502309,297799,ne,-123.3296588259999,40.77741327500007
490040,CA,Trinity,Adit,Tunnel,77,"Ironside Mtn.",1951,62500,USGS,,5502309,297799,e,-123.37491636099992,40.928236268000035
490081,CA,Trinity,Adit,Tunnel,76,"Ironside Mtn.",1951,62500,USGS,,5502309,297799,e,-123.37537321699995,40.928122054000085
48932,CA,Trinity,Adit,,302,Denny,1982,24000,"CA Dept Conserv",,5512343,289863,nw,-123.4290754619999,40.895608605000064
48963,CA,Trinity,Adit,"Hazel D Mine",310,Denny,1982,24000,"CA Dept Conserv",,5512343,289863,nw,-123.39557756699992,40.94724958900008
58770,CA,Trinity,"Mine Shaft","Bully Choop Mine",0,"Bully Choop Mtn.",1982,24000,"CA Dept Conserv",,5509459,100512,,-122.78430130499993,40.55547282800006
60283,CA,Trinity,"Open Pit Mine","Gypsy Queen Mine",0,"Billys Peak",1998,24000,USGS,,5508599,100187,,-122.8680189559999,41.130689249000056
84485,CA,Trinity,"Prospect Pit",,0,"Bully Choop Mtn.",1982,24000,"CA Dept Conserv",,5509459,100512,,-122.7853681229999,40.55683288100005
84519,CA,Trinity,"Prospect Pit",,0,"Bully Choop Mtn.",1982,24000,"CA Dept Conserv",,5509459,100512,,-122.78501730099993,40.55608179700005
494082,CA,Trinity,"Mine Shaft","Bully Choop Mine",0,Weaverville,1950,62500,USGS,,5505053,301959,,-122.78380552099992,40.55523089500008
49004,CA,Trinity,Adit,,132,"Bully Choop Mtn.",1982,24000,"CA Dept Conserv",,5509459,100512,se,-122.7873898019999,40.55764944200007
60287,CA,Trinity,"Open Pit Mine",,0,Carrville,1986,24000,"CA Dept Conserv",,5510325,288996,,-122.70481474199994,41.01108854100005
49022,CA,Trinity,Adit,,142,"Bully Choop Mtn.",1982,24000,"CA Dept Conserv",,5509459,100512,se,-122.7833704929999,40.55711582300006
490066,CA,Trinity,Adit,,127,Weaverville,1950,62500,USGS,,5505053,301959,se,-122.78761090199993,40.55727024300006
60297,CA,Trinity,"Open Pit Mine","Lower Nash Mine",0,"Caribou Lake",2001,24000,USGS,,5510213,302620,,-122.89371486199991,41.11859759400005
490109,CA,Trinity,Adit,,131,Weaverville,1950,62500,USGS,,5505053,301959,se,-122.78635645799994,40.556247065000036
490044,CA,Trinity,Adit,,193,Weaverville,1950,62500,USGS,,5505053,301959,s,-122.78484972299992,40.556674557000065
60723,CA,Trinity,"Open Pit Mine or Quarry",,0,"Caribou Lake",2001,24000,USGS,,5510213,302620,,-122.89363002599993,41.10437539800006
48911,CA,Trinity,Adit,"Cleveland Mine",324,"Bully Choop Mtn.",1982,24000,"CA Dept Conserv",,5509459,100512,nw,-122.78076058499994,40.546470327000065
490051,CA,Trinity,Adit,"Cleveland Mine",351,Weaverville,1950,62500,USGS,,5505053,301959,n,-122.78091790799994,40.54644569300007
60762,CA,Trinity,"Placer Mine",,0,"Rush Creek Lakes",1982,24000,"CA Dept Conserv",,5522043,294852,,-122.8851830079999,40.796192086000076
84451,CA,Trinity,"Prospect Pit",,0,"Deadman Peak",1986,24000,"CA Dept Conserv",,5512231,289805,,-122.92475380399992,41.136725084000034
49032,CA,Trinity,Adit,,49,Dedrick,1982,24000,"CA Dept Conserv",,5512245,289813,ne,-123.01004184399994,40.871487255000034
490050,CA,Trinity,Adit,,43,Minersville,1950,62500,USGS,,5503019,298206,ne,-122.99870478399993,40.88801335000005
84453,CA,Trinity,"Prospect Pit",,0,"Billys Peak",1986,24000,"CA Dept Conserv",,5508601,288434,,-122.75158602599993,41.153835221000065
490082,CA,Trinity,Adit,"Little Elsie Mine",57,Minersville,1950,62500,USGS,,5503019,298206,ne,-122.81540634699991,40.79884429300006
490110,CA,Trinity,Adit,,66,Helena,1951,62500,USGS,,5502117,297680,ne,-123.01040790899992,40.87147079500005
490118,CA,Trinity,Adit,Tunnel,62,"Coffee Creek",1955,62500,USGS,,5501125,297127,ne,-122.7647654399999,41.10226019300006
48906,CA,Trinity,Adit,,74,"Deadman Peak",2001,24000,USGS,,5512235,289807,e,-122.87704104799991,41.14352596900005
48966,CA,Trinity,Adit,,84,Dedrick,1982,24000,"CA Dept Conserv",,5512245,289813,e,-123.00639065099995,40.86600559900006
84468,CA,Trinity,"Prospect Pit","Gypsy Queen Mine",0,"Billys Peak",1986,24000,"CA Dept Conserv",,5508601,288434,,-122.8676270549999,41.13149899900009
49026,CA,Trinity,Adit,"Buckeye Mine",92,"Trinity Dam",1982,24000,"CA Dept Conserv",,5524879,300953,e,-122.81839933899994,40.80468876800006
490113,CA,Trinity,Adit,"Silver Grey Mine",105,Helena,1951,62500,USGS,,5502117,297680,e,-123.0052302019999,40.84916096900008
84479,CA,Trinity,"Prospect Pit",,0,"Caribou Lake",1986,24000,"CA Dept Conserv",,5510209,288956,,-122.94900436199993,41.08273307300004
490115,CA,Trinity,Adit,Tunnel,77,"Coffee Creek",1955,62500,USGS,,5501125,297127,e,-122.8773432559999,41.14354654200008
48986,CA,Trinity,Adit,,147,"Deadman Peak",2001,24000,USGS,,5512235,289807,se,-122.8810296499999,41.12938015800006
490078,CA,Trinity,Adit,,130,"Coffee Creek",1955,62500,USGS,,5501125,297127,se,-122.88165283899991,41.12961605500004
48962,CA,Trinity,Adit,,177,"Siligo Peak",1982,24000,"CA Dept Conserv",,5523371,300487,s,-122.93925863499993,40.98634074900008
48976,CA,Trinity,Adit,"Liberty Mine",160,"Ycatapom Peak",1986,24000,"CA Dept Conserv",,5526423,295845,s,-122.78534169699992,41.09792840700004
84484,CA,Trinity,"Prospect Pit",,0,"Caribou Lake",1986,24000,"CA Dept Conserv",,5510209,288956,,-122.94843625599992,41.083132258000035
490077,CA,Trinity,Adit,,195,Minersville,1950,62500,USGS,,5503019,298206,s,-122.8844944199999,40.96726675900004
84487,CA,Trinity,"Prospect Pit",,0,"Siligo Peak",1982,24000,"CA Dept Conserv",,5523371,300487,,-122.94093561699992,40.987393850000046
48941,CA,Trinity,Adit,"Mason & Thayer Mine",246,Dedrick,1982,24000,"CA Dept Conserv",,5512245,289813,sw,-123.0162165779999,40.84254977400008
49002,CA,Trinity,Adit,"Silver Grey Mine",240,Dedrick,1982,24000,"CA Dept Conserv",,5512245,289813,sw,-123.00614843799991,40.848664617000054
48923,CA,Trinity,Adit,"Globe Mine",268,"Siligo Peak",1982,24000,"CA Dept Conserv",,5523371,300487,w,-122.99119406599993,40.89070071800006
48942,CA,Trinity,Adit,,255,"Siligo Peak",1982,24000,"CA Dept Conserv",,5523371,300487,w,-122.8841603539999,40.96686061000008
48987,CA,Trinity,Adit,,277,"Papoose Creek",1982,24000,"CA Dept Conserv",,5520387,293949,w,-122.73472194099992,40.86191791200008
48927,CA,Trinity,Adit,,325,"Ycatapom Peak",1986,24000,"CA Dept Conserv",,5526423,295845,nw,-122.78435953799993,41.10059447100008
48935,CA,Trinity,Adit,,319,"Caribou Lake",2001,24000,USGS,,5510213,302620,nw,-122.95013932599994,41.08210046900007
490065,CA,Trinity,Adit,Tunnel,332,"Coffee Creek",1955,62500,USGS,,5501125,297127,nw,-122.94907949899994,41.081023740000035
490122,CA,Trinity,Adit,Tunnel,330,"Coffee Creek",1955,62500,USGS,,5501125,297127,nw,-122.94997751599993,41.08205381800008
48912,CA,Trinity,Adit,,358,"Covington Mill",1982,24000,"CA Dept Conserv",,5511723,289592,n,-122.78863533499992,40.924868882000055
48931,CA,Trinity,Adit,,340,"Caribou Lake",2001,24000,USGS,,5510213,302620,n,-122.94967866299993,41.080969749000076
49008,CA,Trinity,Adit,"Chloride Mine",359,"Mt. Hilton",1982,24000,"CA Dept Conserv",,5519193,293317,n,-123.00785405499994,40.880135031000066
84496,CA,Trinity,"Prospect Pit",,0,"Trinity Dam",1982,24000,"CA Dept Conserv",,5524879,300953,,-122.82290984999992,40.81651531700004
490064,CA,Trinity,Adit,"Little Anna Mine",349,Minersville,1950,62500,USGS,,5503019,298206,n,-122.83284803999993,40.80190270800006
58769,CA,Trinity,"Mine Shaft",,0,"French Gulch",1979,24000,"CA Dept Conserv",,5514215,290695,,-122.72007173599991,40.716142845000036
84504,CA,Trinity,"Prospect Pit",,0,"Rush Creek Lakes",1982,24000,"CA Dept Conserv",,5522043,294852,,-122.99459555599992,40.80191906400006
58773,CA,Trinity,"Mine Shaft",,0,"French Gulch",1979,24000,"CA Dept Conserv",,5514215,290695,,-122.72609216799992,40.728406490000054
60282,CA,Trinity,"Open Pit Mine",,0,"Papoose Creek",1982,24000,"CA Dept Conserv",,5520387,293949,,-122.74434785599993,40.80543111900005
84516,CA,Trinity,"Prospect Pit",,0,"Trinity Dam",1982,24000,"CA Dept Conserv",,5524879,300953,,-122.8065644269999,40.865776323000034
84533,CA,Trinity,"Prospect Pit",,0,"Billys Peak",1986,24000,"CA Dept Conserv",,5508601,288434,,-122.86828974799994,41.131638225000074
84535,CA,Trinity,"Prospect Pit",,0,"Caribou Lake",1986,24000,"CA Dept Conserv",,5510209,288956,,-122.95672417599991,41.098983384000064
84536,CA,Trinity,"Prospect Pit",,0,"Caribou Lake",1986,24000,"CA Dept Conserv",,5510209,288956,,-122.96338486999991,41.08982890300007
84461,CA,Trinity,"Prospect Pit",,0,"French Gulch",1979,24000,"CA Dept Conserv",,5514215,290695,,-122.73350266599994,40.72725239400006
84464,CA,Trinity,"Prospect Pit",,0,"French Gulch",1979,24000,"CA Dept Conserv",,5514215,290695,,-122.7312237029999,40.72217141100003
84537,CA,Trinity,"Prospect Pit",,0,"Caribou Lake",1986,24000,"CA Dept Conserv",,5510209,288956,,-122.94843396499994,41.082814443000075
84477,CA,Trinity,"Prospect Pit",,0,"French Gulch",1979,24000,"CA Dept Conserv",,5514215,290695,,-122.7219593619999,40.72853405800004
84480,CA,Trinity,"Prospect Pit",,0,"French Gulch",1979,24000,"CA Dept Conserv",,5514215,290695,,-122.72953090899995,40.72844793400009
84542,CA,Trinity,"Prospect Pit",,0,"Trinity Dam",1982,24000,"CA Dept Conserv",,5524879,300953,,-122.75261568999991,40.81666795000007
84483,CA,Trinity,"Prospect Pit",,0,"French Gulch",1979,24000,"CA Dept Conserv",,5514215,290695,,-122.72545446599992,40.72961882200008
84551,CA,Trinity,"Prospect Pit",,0,"Rush Creek Lakes",1982,24000,"CA Dept Conserv",,5522043,294852,,-122.99283147599994,40.80259857500005
84489,CA,Trinity,"Prospect Pit",,0,"French Gulch",1979,24000,"CA Dept Conserv",,5514215,290695,,-122.7261931569999,40.728172037000036
84506,CA,Trinity,"Prospect Pit",,0,"French Gulch",1979,24000,"CA Dept Conserv",,5514215,290695,,-122.72033793899993,40.71581234200005
84509,CA,Trinity,"Prospect Pit",,0,"French Gulch",1979,24000,"CA Dept Conserv",,5514215,290695,,-122.73009092099994,40.73033261200004
84512,CA,Trinity,"Prospect Pit",,0,"French Gulch",1979,24000,"CA Dept Conserv",,5514215,290695,,-122.73024762499995,40.72904966100003
84518,CA,Trinity,"Prospect Pit",,0,Lewiston,1982,24000,"CA Dept Conserv",,5517245,292280,,-122.75418421099994,40.74123010200009
84552,CA,Trinity,"Prospect Pit","Little Anna Mine",0,"Trinity Dam",1982,24000,"CA Dept Conserv",,5524879,300953,,-122.8337984449999,40.80161208200008
84521,CA,Trinity,"Prospect Pit",,0,"French Gulch",1979,24000,"CA Dept Conserv",,5514215,290695,,-122.7303798069999,40.72789371400006
84530,CA,Trinity,"Prospect Pit",,0,"French Gulch",1979,24000,"CA Dept Conserv",,5514215,290695,,-122.74651119299995,40.72845261500004
84545,CA,Trinity,"Prospect Pit",,0,"French Gulch",1979,24000,"CA Dept Conserv",,5514215,290695,,-122.7298871019999,40.72804585800009
84548,CA,Trinity,"Prospect Pit",,0,"French Gulch",1979,24000,"CA Dept Conserv",,5514215,290695,,-122.71739530299993,40.732442518000084
84563,CA,Trinity,"Prospect Pit",,0,"Caribou Lake",1986,24000,"CA Dept Conserv",,5510209,288956,,-122.94884587699994,41.08315248400004
84549,CA,Trinity,"Prospect Pit",,0,"French Gulch",1979,24000,"CA Dept Conserv",,5514215,290695,,-122.7197095759999,40.72907557000008
84560,CA,Trinity,"Prospect Pit",,0,"French Gulch",1979,24000,"CA Dept Conserv",,5514215,290695,,-122.7208310709999,40.73227459900005
84588,CA,Trinity,"Prospect Pit",,0,"Deadman Peak",1986,24000,"CA Dept Conserv",,5512231,289805,,-122.9245642759999,41.13707745600004
84561,CA,Trinity,"Prospect Pit",,0,"French Gulch",1979,24000,"CA Dept Conserv",,5514215,290695,,-122.73316149999994,40.729082446000064
84568,CA,Trinity,"Prospect Pit",,0,"French Gulch",1979,24000,"CA Dept Conserv",,5514215,290695,,-122.72554949699992,40.72922657400005
84569,CA,Trinity,"Prospect Pit",,0,"Papoose Creek",1982,24000,"CA Dept Conserv",,5520387,293949,,-122.69328685599993,40.863084911000044
84574,CA,Trinity,"Prospect Pit",,0,"Trinity Dam",1982,24000,"CA Dept Conserv",,5524879,300953,,-122.7534759479999,40.81686938200005
84584,CA,Trinity,"Prospect Pit",,0,"French Gulch",1979,24000,"CA Dept Conserv",,5514215,290695,,-122.72530255299989,40.72818224200006
495055,CA,Trinity,"Open Pit Mine","Brown Bear Mine",0,"French Gulch",1944,62500,USGS,,5501821,297510,,-122.73071300599992,40.720150122000064
495981,CA,Trinity,"Open Pit Mine or Quarry",,0,"French Gulch",1944,62500,USGS,,5501821,297510,,-122.72935373299993,40.71757319400007
501308,CA,Trinity,"Prospect Pit",,0,"French Gulch",1944,62500,USGS,,5501821,297510,,-122.74889397499993,40.746612076000076
501313,CA,Trinity,"Prospect Pit",,0,Weaverville,1950,62500,USGS,,5505053,301959,,-122.75480993299993,40.74513390000004
501315,CA,Trinity,"Prospect Pit",,0,"French Gulch",1944,62500,USGS,,5501821,297510,,-122.7431329879999,40.74450811400004
501320,CA,Trinity,"Prospect Pit",,0,"French Gulch",1944,62500,USGS,,5501821,297510,,-122.74940384899992,40.74318361500008
85781,CA,Trinity,Quarry,,0,Carrville,1986,24000,"CA Dept Conserv",,5510325,288996,,-122.69953007499993,41.091356870000084
501323,CA,Trinity,"Prospect Pit",,0,"French Gulch",1944,62500,USGS,,5501821,297510,,-122.7258137689999,40.72834875700005
501328,CA,Trinity,"Prospect Pit",,0,"French Gulch",1944,62500,USGS,,5501821,297510,,-122.73070795599995,40.727899026000046
48919,CA,Trinity,Adit,,47,"French Gulch",1979,24000,"CA Dept Conserv",,5514215,290695,ne,-122.71958030199994,40.71576377700006
85783,CA,Trinity,Quarry,,0,Carrville,1986,24000,"CA Dept Conserv",,5510325,288996,,-122.7019409539999,41.093820910000034
48949,CA,Trinity,Adit,,24,Lewiston,1982,24000,"CA Dept Conserv",,5517245,292280,ne,-122.75623972799991,40.73749278300005
48950,CA,Trinity,Adit,,53,"French Gulch",1979,24000,"CA Dept Conserv",,5514215,290695,ne,-122.7257817439999,40.728587668000046
491183,CA,Trinity,Mine,"Upper Nash Mine",0,"Coffee Creek",1955,62500,USGS,"Label without symbol. Point placed on building symbol and feature type inferred from label.",5501125,297127,,-122.93244727299992,41.11432105700004
48953,CA,Trinity,Adit,,57,"Papoose Creek",1982,24000,"CA Dept Conserv",,5520387,293949,ne,-122.69425685199991,40.86745710100007
49029,CA,Trinity,Adit,,41,"French Gulch",1979,24000,"CA Dept Conserv",,5514215,290695,ne,-122.72046636099992,40.71620665900008
49030,CA,Trinity,Adit,,45,"French Gulch",1979,24000,"CA Dept Conserv",,5514215,290695,ne,-122.71987126499994,40.71593924600006
495048,CA,Trinity,"Open Pit Mine","Gypsy Queen Mine",0,"Coffee Creek",1955,62500,USGS,,5501125,297127,,-122.86794054299992,41.13141801000006
490053,CA,Trinity,Adit,,43,Weaverville,1950,62500,USGS,,5505053,301959,ne,-122.75549729799991,40.73980938400007
490090,CA,Trinity,Adit,,34,Weaverville,1950,62500,USGS,,5505053,301959,ne,-122.75550755799992,40.74026078800006
490091,CA,Trinity,Adit,"Venecia Mine",42,Weaverville,1950,62500,USGS,,5505053,301959,ne,-122.75524081899994,40.73933746100005
495050,CA,Trinity,"Open Pit Mine","Diener Mine",0,Minersville,1950,62500,USGS,,5503019,298206,,-122.79698553799994,40.882340414000055
490094,CA,Trinity,Adit,,33,Weaverville,1950,62500,USGS,,5505053,301959,ne,-122.75432775199994,40.74185096100007
490107,CA,Trinity,Adit,,63,"Schell Mtn.",1950,62500,USGS,,5504429,301657,ne,-122.7384188389999,40.77921415000009
495053,CA,Trinity,"Open Pit Mine","Mary Queen Mine",0,"Coffee Creek",1955,62500,USGS,,5501125,297127,,-122.85171288399994,41.12797145900004
48934,CA,Trinity,Adit,,75,Lewiston,1982,24000,"CA Dept Conserv",,5517245,292280,e,-122.75174869699993,40.718958229000066
495057,CA,Trinity,"Open Pit Mine","Pansy Mine",0,Minersville,1950,62500,USGS,,5503019,298206,,-122.7572062939999,40.97136599800007
48955,CA,Trinity,Adit,,98,"Papoose Creek",1982,24000,"CA Dept Conserv",,5520387,293949,e,-122.69355310999993,40.86734077300008
48979,CA,Trinity,Adit,"Five Pines Mine",101,"Papoose Creek",1982,24000,"CA Dept Conserv",,5520387,293949,e,-122.69352645499993,40.86718351600007
495059,CA,Trinity,"Open Pit Mine",,0,Minersville,1950,62500,USGS,,5503019,298206,,-122.77954077599992,40.85915174100006
48999,CA,Trinity,Adit,,89,"French Gulch",1979,24000,"CA Dept Conserv",,5514215,290695,e,-122.71826784599995,40.71505666200005
49010,CA,Trinity,Adit,,119,"French Gulch",1979,24000,"CA Dept Conserv",,5514215,290695,se,-122.71369063599991,40.72244596200005
48921,CA,Trinity,Adit,,177,"French Gulch",1979,24000,"CA Dept Conserv",,5514215,290695,s,-122.7310277609999,40.71760528500005
48922,CA,Trinity,Adit,,175,"French Gulch",1979,24000,"CA Dept Conserv",,5514215,290695,s,-122.73051039199993,40.717591741000035
48930,CA,Trinity,Adit,,187,"French Gulch",1979,24000,"CA Dept Conserv",,5514215,290695,s,-122.72923594899993,40.71766086200006
495060,CA,Trinity,"Open Pit Mine",,0,"Schell Mtn.",1950,62500,USGS,,5504429,301657,,-122.7353161179999,40.978710385000056
48944,CA,Trinity,Adit,,250,"French Gulch",1979,24000,"CA Dept Conserv",,5514215,290695,w,-122.7434897849999,40.74412837600005
495061,CA,Trinity,"Open Pit Mine","Lady Slipper Mine",0,"Coffee Creek",1955,62500,USGS,,5501125,297127,,-122.86026718599993,41.12306413200008
48970,CA,Trinity,Adit,,252,"French Gulch",1979,24000,"CA Dept Conserv",,5514215,290695,w,-122.74314178299994,40.74320511500008
49001,CA,Trinity,Adit,,267,"French Gulch",1979,24000,"CA Dept Conserv",,5514215,290695,w,-122.71762473099994,40.72816425000008
495063,CA,Trinity,"Open Pit Mine","Liberty Mine",0,"Coffee Creek",1955,62500,USGS,,5501125,297127,,-122.78445880399994,41.10100961300009
49016,CA,Trinity,Adit,,292,"French Gulch",1979,24000,"CA Dept Conserv",,5514215,290695,w,-122.71750492199993,40.726854640000056
48901,CA,Trinity,Adit,,359,Lewiston,1982,24000,"CA Dept Conserv",,5517245,292280,n,-122.75412290299994,40.74176679800007
48903,CA,Trinity,Adit,"Brown Bear Mine",356,"French Gulch",1979,24000,"CA Dept Conserv",,5514215,290695,n,-122.73174238899992,40.719853629000056
49009,CA,Trinity,Adit,"Venecia Mine",359,Lewiston,1982,24000,"CA Dept Conserv",,5517245,292280,n,-122.75435222599992,40.74177417700008
495983,CA,Trinity,"Open Pit Mine or Quarry",,0,"Coffee Creek",1955,62500,USGS,,5501125,297127,,-122.9087533689999,41.157997644000034
501326,CA,Trinity,"Prospect Pit",,0,"Bonanza King",1955,62500,USGS,,5500647,296862,,-122.7278990879999,41.21213500300007
495984,CA,Trinity,"Open Pit Mine or Quarry",,0,"Coffee Creek",1955,62500,USGS,,5501125,297127,,-122.89324445499994,41.10401362500005
490114,CA,Trinity,Adit,"Grand Nat'l Mine",88,"Bonanza King",1955,62500,USGS,,5500647,296862,e,-122.72919197599992,41.212075851000066
495987,CA,Trinity,"Open Pit Mine or Quarry",,0,"Bonanza King",1955,62500,USGS,,5500647,296862,,-122.69510309299994,41.110611739000035
495989,CA,Trinity,"Open Pit Mine or Quarry",,0,"Coffee Creek",1955,62500,USGS,,5501125,297127,,-122.89698366999994,41.137588039000036
490045,CA,Trinity,Adit,,315,"Coffee Creek",1955,62500,USGS,,5501125,297127,nw,-122.7982000479999,41.202605531000074
60293,CA,Trinity,"Open Pit Mine","Moliter Mine",0,"Thompson Peak",1979,24000,"CA Dept Conserv",,5524563,295447,,-123.10819647099993,41.03663379200009
495991,CA,Trinity,"Open Pit Mine or Quarry",,0,"Coffee Creek",1955,62500,USGS,,5501125,297127,,-122.8940265149999,41.11860615300009
501302,CA,Trinity,"Prospect Pit",,0,Minersville,1950,62500,USGS,,5503019,298206,,-122.93756076999995,40.98587708700006
84497,CA,Trinity,"Prospect Pit",,0,"Thompson Peak",1979,24000,"CA Dept Conserv",,5524563,295447,,-123.1069521519999,41.01814578400007
84503,CA,Trinity,"Prospect Pit",,0,"Thompson Peak",1979,24000,"CA Dept Conserv",,5524563,295447,,-123.11175665499991,41.02148310600006
501330,CA,Trinity,"Prospect Pit",,0,Minersville,1950,62500,USGS,,5503019,298206,,-122.93745802799992,40.98707574600007
84523,CA,Trinity,"Prospect Pit",,0,"Thompson Peak",1979,24000,"CA Dept Conserv",,5524563,295447,,-123.09970796999994,41.01993458600003
49034,CA,Trinity,Adit,Mine,5,"Trinity Dam",1982,24000,"CA Dept Conserv",,5524879,300953,n,-122.81346426199991,40.85976354400009
84556,CA,Trinity,"Prospect Pit",,0,"Thompson Peak",1979,24000,"CA Dept Conserv",,5524563,295447,,-123.1118507459999,41.02179742200008
84586,CA,Trinity,"Prospect Pit",,0,"Thompson Peak",1979,24000,"CA Dept Conserv",,5524563,295447,,-123.11024575199991,41.01189062600008
490057,CA,Trinity,Adit,,22,Helena,1951,62500,USGS,,5502117,297680,n,-123.00962744599991,40.87280329300006
491182,CA,Trinity,Mine,"Browns Mine",0,Cecilville,1955,62500,USGS,"Label without symbol. Point placed on building symbol and feature type inferred from label.",5501011,297066,,-123.1173038739999,41.009982422000064
494081,CA,Trinity,"Mine Shaft",,0,Cecilville,1955,62500,USGS,,5501011,297066,,-123.0986346229999,41.01957640900008
490052,CA,Trinity,Adit,"Selix Mine",19,Minersville,1950,62500,USGS,,5503019,298206,n,-122.80281521899991,40.82470660000007
495062,CA,Trinity,"Open Pit Mine","Moliter Mine",0,Cecilville,1955,62500,USGS,,5501011,297066,,-123.10745766499991,41.038393186000064
501307,CA,Trinity,"Prospect Pit",,0,Cecilville,1955,62500,USGS,,5501011,297066,,-123.1102987409999,41.01195261600009
490098,CA,Trinity,Adit,"Chloride Mine",5,Minersville,1950,62500,USGS,,5503019,298206,n,-122.9990321979999,40.886368667000056
48925,CA,Trinity,Adit,,313,"Thompson Peak",1979,24000,"CA Dept Conserv",,5524563,295447,nw,-123.10645497899992,41.01764745500009
48961,CA,Trinity,Adit,,353,"Thompson Peak",1979,24000,"CA Dept Conserv",,5524563,295447,n,-123.10856059299994,41.01721538600009
48967,CA,Trinity,Adit,,350,"Thompson Peak",1979,24000,"CA Dept Conserv",,5524563,295447,n,-123.10517164399994,41.01890883900006
48908,CA,Trinity,Adit,"Arbuckel Mine",49,"Rush Creek Lakes",1982,24000,"CA Dept Conserv",,5522043,294852,ne,-122.93278940599993,40.81872601100008
48952,CA,Trinity,Adit,,30,"Mt. Hilton",1982,24000,"CA Dept Conserv",,5519193,293317,ne,-123.00730169199994,40.87995814200008
52915,CA,Trinity,"Hydraulic Mine",,0,"Trinity Dam",1982,24000,"CA Dept Conserv",,5524879,300953,,-122.80777109799993,40.75335563500005
52984,CA,Trinity,Mine,"Little Anna Mine",0,"Trinity Dam",1982,24000,"CA Dept Conserv","Label without symbol. Point placed on building symbol and feature type inferred from label.",5524879,300953,,-122.8334560369999,40.801569176000044
84474,CA,Trinity,"Prospect Pit",,0,Lewiston,1982,24000,"CA Dept Conserv",,5517245,292280,,-122.81552592299994,40.72181740700006
48982,CA,Trinity,Adit,"Little Elsie Mine",28,"Trinity Dam",1982,24000,"CA Dept Conserv",,5524879,300953,ne,-122.81552281099994,40.79860873100006
84493,CA,Trinity,"Prospect Pit",,0,Lewiston,1982,24000,"CA Dept Conserv",,5517245,292280,,-122.83305212599993,40.73140951400006
84508,CA,Trinity,"Prospect Pit",,0,"Trinity Dam",1982,24000,"CA Dept Conserv",,5524879,300953,,-122.80714202799993,40.86601126100004
49023,CA,Trinity,Adit,,53,"Mt. Hilton",1982,24000,"CA Dept Conserv",,5519193,293317,ne,-123.0031762459999,40.88576354200006
84520,CA,Trinity,"Prospect Pit",,0,"Trinity Dam",1982,24000,"CA Dept Conserv",,5524879,300953,,-122.81283229799993,40.860255953000035
49031,CA,Trinity,Adit,"Tip Top Mine",63,"Rush Creek Lakes",1982,24000,"CA Dept Conserv",,5522043,294852,ne,-122.99897420299993,40.87179372300005
84534,CA,Trinity,"Prospect Pit",,0,Lewiston,1982,24000,"CA Dept Conserv",,5517245,292280,,-122.8156199639999,40.722797857000046
84575,CA,Trinity,"Prospect Pit",,0,Lewiston,1982,24000,"CA Dept Conserv",,5517245,292280,,-122.81955281799992,40.71711189100006
50487,CA,Trinity,"Borrow Pit",,0,Hyampom,1982,24000,"CA Dept Conserv",,5515805,291512,,-123.4875273639999,40.61485613700006
495047,CA,Trinity,"Open Pit Mine",,0,Minersville,1950,62500,USGS,,5503019,298206,,-122.80843761499995,40.752802375000044
501300,CA,Trinity,"Prospect Pit",,0,Weaverville,1950,62500,USGS,,5505053,301959,,-122.8156778849999,40.72260164800008
501303,CA,Trinity,"Prospect Pit",,0,Weaverville,1950,62500,USGS,,5505053,301959,,-122.83234346199993,40.73192846500007
501305,CA,Trinity,"Prospect Pit",,0,Weaverville,1950,62500,USGS,,5505053,301959,,-122.82909909699993,40.60379099900007
501318,CA,Trinity,"Prospect Pit",,0,Minersville,1950,62500,USGS,,5503019,298206,,-122.79873886099995,40.78740906500008
490061,CA,Trinity,Adit,,20,Minersville,1950,62500,USGS,,5503019,298206,n,-122.81315935599991,40.86016108300004
48996,CA,Trinity,Adit,,24,"Trinity Dam",1982,24000,"CA Dept Conserv",,5524879,300953,ne,-122.8088049889999,40.750289663000046
49018,CA,Trinity,Adit,Mine,55,"Trinity Dam",1982,24000,"CA Dept Conserv",,5524879,300953,ne,-122.82317175899993,40.817063644000086
48902,CA,Trinity,Adit,,86,"Bully Choop Mtn.",1982,24000,"CA Dept Conserv",,5509459,100512,e,-122.85360361199992,40.62141666900004
48945,CA,Trinity,Adit,,75,"Trinity Dam",1982,24000,"CA Dept Conserv",,5524879,300953,e,-122.79178713599993,40.755353428000035
49013,CA,Trinity,Adit,"Dixie Queen Mine",87,"Bully Choop Mtn.",1982,24000,"CA Dept Conserv",,5509459,100512,e,-122.85281531499993,40.62102480500005
490068,CA,Trinity,Adit,"Dixie Queen Mine",108,Weaverville,1950,62500,USGS,,5505053,301959,e,-122.85301796499994,40.62082681500004
49025,CA,Trinity,Adit,"Woodrat Mine",201,"Trinity Dam",1982,24000,"CA Dept Conserv",,5524879,300953,s,-122.80961717299994,40.79378486000007
490055,CA,Trinity,Adit,"Woodrat Mine",190,Minersville,1950,62500,USGS,,5503019,298206,s,-122.80911338399994,40.79377326300005
490106,CA,Trinity,Adit,,169,Minersville,1950,62500,USGS,,5503019,298206,s,-122.8079145989999,40.79281727000006
48909,CA,Trinity,Adit,Mine,277,"Trinity Dam",1982,24000,"CA Dept Conserv",,5524879,300953,w,-122.77904475499992,40.77501486500006
48954,CA,Trinity,Adit,"Phillips Mine",317,Lewiston,1982,24000,"CA Dept Conserv",,5517245,292280,nw,-122.85353744899993,40.625641345000076
49003,CA,Trinity,Adit,,316,"Trinity Dam",1982,24000,"CA Dept Conserv",,5524879,300953,nw,-122.80644652699993,40.75378608400007
490069,CA,Trinity,Adit,"Phillips Mine",319,Weaverville,1950,62500,USGS,,5505053,301959,nw,-122.85359917599993,40.62564523600008
84454,CA,Trinity,"Prospect Pit",,0,Hayfork,1982,24000,"CA Dept Conserv",,5515261,291225,,-123.13887956299993,40.502950927000086
84457,CA,Trinity,"Prospect Pit","Farmer Mine",0,Hayfork,1982,24000,"CA Dept Conserv",,5515261,291225,,-123.14468227399993,40.511528498000075
84462,CA,Trinity,"Prospect Pit","Cope & Johnson Mine",0,"Hayfork Summit",1982,24000,"CA Dept Conserv",,5515257,291231,,-123.1058406979999,40.538637960000074
84465,CA,Trinity,"Prospect Pit",,0,Hayfork,1982,24000,"CA Dept Conserv",,5515261,291225,,-123.16898361599993,40.50574898800005
84466,CA,Trinity,"Prospect Pit",,0,Hayfork,1982,24000,"CA Dept Conserv",,5515261,291225,,-123.1444649689999,40.51136908500007
84467,CA,Trinity,"Prospect Pit",,0,"Hayfork Summit",1982,24000,"CA Dept Conserv",,5515257,291231,,-123.12026913099993,40.51733801200004
84469,CA,Trinity,"Prospect Pit",,0,"Hayfork Summit",1982,24000,"CA Dept Conserv",,5515257,291231,,-123.10099206799993,40.55071876100004
84478,CA,Trinity,"Prospect Pit",,0,Hayfork,1982,24000,"CA Dept Conserv",,5515261,291225,,-123.1395059699999,40.50240332700008
84505,CA,Trinity,"Prospect Pit",,0,"Hayfork Summit",1982,24000,"CA Dept Conserv",,5515257,291231,,-123.11859244499993,40.51750252100004
84511,CA,Trinity,"Prospect Pit",,0,Hayfork,1982,24000,"CA Dept Conserv",,5515261,291225,,-123.13963361299994,40.502134219000084
84514,CA,Trinity,"Prospect Pit",,0,Hayfork,1982,24000,"CA Dept Conserv",,5515261,291225,,-123.15386924799992,40.52103626400009
84527,CA,Trinity,"Prospect Pit",,0,Hayfork,1982,24000,"CA Dept Conserv",,5515261,291225,,-123.13103578999994,40.52883784200009
84529,CA,Trinity,"Prospect Pit",,0,Hayfork,1982,24000,"CA Dept Conserv",,5515261,291225,,-123.1507620299999,40.51049104400005
84531,CA,Trinity,"Prospect Pit",,0,"Hayfork Summit",1982,24000,"CA Dept Conserv",,5515257,291231,,-123.1200191779999,40.51533103400004
84539,CA,Trinity,"Prospect Pit","Kottmeier Mine",0,"Hayfork Bally",1982,24000,"CA Dept Conserv",,5515251,291227,,-123.2260522059999,40.648643950000064
84544,CA,Trinity,"Prospect Pit",,0,Hayfork,1982,24000,"CA Dept Conserv",,5515261,291225,,-123.13782227199994,40.50159507700005
84554,CA,Trinity,"Prospect Pit",,0,"Naufus Creek",1979,24000,"CA Dept Conserv",,5519427,293442,,-123.26917361999995,40.42631758400006
84555,CA,Trinity,"Prospect Pit",,0,"Hayfork Summit",1982,24000,"CA Dept Conserv",,5515257,291231,,-123.08821454499991,40.51678130000005
84567,CA,Trinity,"Prospect Pit",,0,"Hayfork Summit",1982,24000,"CA Dept Conserv",,5515257,291231,,-123.11572839299993,40.596160016000056
84573,CA,Trinity,"Prospect Pit",,0,Hayfork,1982,24000,"CA Dept Conserv",,5515261,291225,,-123.14489555299991,40.51146435900006
84580,CA,Trinity,"Prospect Pit",,0,"Hayfork Summit",1982,24000,"CA Dept Conserv",,5515257,291231,,-123.10107604899991,40.551053128000035
84585,CA,Trinity,"Prospect Pit",,0,"Naufus Creek",1979,24000,"CA Dept Conserv",,5519427,293442,,-123.26234097999992,40.41530203600007
85782,CA,Trinity,Quarry,,0,Wildwood,1998,24000,"CA Dept Conserv",,5526213,102164,,-123.0068852679999,40.42878366200006
501310,CA,Trinity,"Prospect Pit",,0,"Pickett Peak",1954,62500,USGS,,5503623,298534,,-123.26333137699993,40.42777479100005
52422,CA,Trinity,"Gravel Pit",,0,"Hyampom Mtn.",1982,24000,"CA Dept Conserv",,5515801,291514,,-123.46821188299992,40.63597272100009
501312,CA,Trinity,"Prospect Pit",,0,"Pickett Peak",1954,62500,USGS,,5503623,298534,,-123.26882366699994,40.42666788300005
501329,CA,Trinity,"Prospect Pit",,0,"Pickett Peak",1954,62500,USGS,,5503623,298534,,-123.26255151899994,40.41613445200005
48991,CA,Trinity,Adit,,18,"Hayfork Bally",1982,24000,"CA Dept Conserv",,5515251,291227,n,-123.22152051599994,40.64312307400007
490097,CA,Trinity,Adit,"Layman Mine",6,Hayfork,1951,62500,USGS,,5502083,297659,n,-123.13051143099995,40.528387115000044
48946,CA,Trinity,Adit,"Scorpion Mine",46,"Hayfork Summit",1982,24000,"CA Dept Conserv",,5515257,291231,ne,-123.0990268249999,40.51353698100007
48998,CA,Trinity,Adit,Mine,40,"Hayfork Summit",1982,24000,"CA Dept Conserv",,5515257,291231,ne,-123.12434481899993,40.525233864000086
490042,CA,Trinity,Adit,"Scorpion Mine",25,Hayfork,1951,62500,USGS,,5502083,297659,ne,-123.10058907399991,40.51401866000003
490058,CA,Trinity,Adit,"Kottmeier Mine",24,Hayfork,1951,62500,USGS,,5502083,297659,ne,-123.2264869899999,40.647360165000066
490072,CA,Trinity,Adit,,49,Hayfork,1951,62500,USGS,,5502083,297659,ne,-123.1535634899999,40.52190286100006
48905,CA,Trinity,Adit,,99,Wildwood,1998,24000,"CA Dept Conserv",,5526213,102164,e,-123.01270457099992,40.40246920100009
48907,CA,Trinity,Adit,"Mueller Mine",79,"Hayfork Summit",1982,24000,"CA Dept Conserv",,5515257,291231,e,-123.1188401529999,40.517668755000045
48951,CA,Trinity,Adit,Mine,90,"Hayfork Summit",1982,24000,USGS,,5515257,291231,e,-123.1190495759999,40.51384234600005
48973,CA,Trinity,Adit,,87,Hayfork,1982,24000,"CA Dept Conserv",,5515261,291225,e,-123.14373515199992,40.51476376000005
48975,CA,Trinity,Adit,,81,"Hayfork Summit",1982,24000,"CA Dept Conserv",,5515257,291231,e,-123.12119318999993,40.51763744800007
490084,CA,Trinity,Adit,"Farmer Mine",90,Hayfork,1951,62500,USGS,,5502083,297659,e,-123.14579502599992,40.51368743900008
490088,CA,Trinity,Adit,,107,Hayfork,1951,62500,USGS,,5502083,297659,e,-123.1380962479999,40.50099738400007
52426,CA,Trinity,"Gravel Pit",,0,"Hyampom Mtn.",1982,24000,"CA Dept Conserv",,5515801,291514,,-123.4980471149999,40.65434953400006
48937,CA,Trinity,Adit,,159,Hayfork,1982,24000,"CA Dept Conserv",,5515261,291225,s,-123.1336416709999,40.53381828700009
48994,CA,Trinity,Adit,"Kelly Mine",199,Hayfork,1982,24000,"CA Dept Conserv",,5515261,291225,s,-123.1339736299999,40.533452700000055
52427,CA,Trinity,"Gravel Pit",,0,"Halfway Ridge",1982,24000,"CA Dept Conserv",,5515053,291126,,-123.35663816599993,40.51644456200006
490121,CA,Trinity,Adit,"Kelly Mine",179,Hayfork,1951,62500,USGS,,5502083,297659,s,-123.13510141099994,40.53298899200007
52428,CA,Trinity,"Gravel Pit",,0,"Hyampom Mtn.",1982,24000,"CA Dept Conserv",,5515801,291514,,-123.49837540899989,40.655596193000065
48910,CA,Trinity,Adit,Mine,240,"Hayfork Summit",1982,24000,"CA Dept Conserv",,5515257,291231,sw,-123.09367621399991,40.53991996500008
48928,CA,Trinity,Adit,Mine,240,"Hayfork Summit",1982,24000,"CA Dept Conserv",,5515257,291231,sw,-123.09430226899991,40.54042313300005
52429,CA,Trinity,"Gravel Pit",,0,"Hyampom Mtn.",1982,24000,"CA Dept Conserv",,5515801,291514,,-123.4845126159999,40.74489967300008
490103,CA,Trinity,Adit,,242,Hayfork,1951,62500,USGS,,5502083,297659,sw,-123.09429603399991,40.53942781400008
52983,CA,Trinity,Mine,"Klondike Mine",0,Sportshaven,1973,24000,"CA Dept Conserv","Label without symbol. Point placed on building symbol and feature type inferred from label.",5523817,300634,,-123.3922778299999,40.40031708400005
48974,CA,Trinity,Adit,Mine,284,"Halfway Ridge",1982,24000,"CA Dept Conserv",,5515053,291126,w,-123.25416075899994,40.57824321700008
48988,CA,Trinity,Adit,Mine,258,"Hayfork Summit",1982,24000,"CA Dept Conserv",,5515257,291231,w,-123.09944538899992,40.54388002200005
60275,CA,Trinity,"Open Pit Mine",,0,Salyer,1979,24000,"CA Dept Conserv",,5522205,294934,,-123.57938831999991,40.880753362000064
490048,CA,Trinity,Adit,"Kellogg Mine",289,Hayfork,1951,62500,USGS,,5502083,297659,w,-123.1479536729999,40.51890702500009
48964,CA,Trinity,Adit,,322,Hayfork,1982,24000,"CA Dept Conserv",,5515261,291225,nw,-123.13025270799994,40.52891098400005
48968,CA,Trinity,Adit,,326,Wildwood,1998,24000,"CA Dept Conserv",,5526213,102164,nw,-123.0137180619999,40.40310441200006
48969,CA,Trinity,Adit,,329,Hayfork,1982,24000,"CA Dept Conserv",,5515261,291225,nw,-123.13066896999993,40.52892248000006
48980,CA,Trinity,Adit,"Layman Mine",319,Hayfork,1982,24000,"CA Dept Conserv",,5515261,291225,nw,-123.1308504779999,40.52883623100007
49007,CA,Trinity,Adit,Mine,313,"Hayfork Summit",1982,24000,"CA Dept Conserv",,5515257,291231,nw,-123.12277650499993,40.52491914400008
84473,CA,Trinity,"Prospect Pit",,0,"Naufus Creek",1979,24000,"CA Dept Conserv",,5519427,293442,,-123.34139288599994,40.41902129300007
490096,CA,Trinity,Adit,Tunnel,336,"Dubakella Mtn.",1954,62500,USGS,,5501519,297348,nw,-123.01128096199994,40.404220129000066
490124,CA,Trinity,Adit,"Mueller Mine",301,Hayfork,1951,62500,USGS,,5502083,297659,nw,-123.1208002159999,40.517654476000075
84488,CA,Trinity,"Prospect Pit",,0,"Naufus Creek",1979,24000,"CA Dept Conserv",,5519427,293442,,-123.33958165199994,40.417643131000034
48983,CA,Trinity,Adit,,358,"Hayfork Summit",1982,24000,"CA Dept Conserv",,5515257,291231,n,-123.12043782799992,40.51765475600007
490111,CA,Trinity,Adit,"Cope & Johnson Mine",347,Hayfork,1951,62500,USGS,,5502083,297659,n,-123.10672871799994,40.53847602900004
52423,CA,Trinity,"Gravel Pit",,0,"Pony Buck Peak",1998,24000,"CA Dept Conserv",,5521081,101835,,-123.10776328299994,40.31116629400009
58768,CA,Trinity,"Mine Shaft","Old Bill Mine",0,"Pony Buck Peak",1998,24000,"CA Dept Conserv",,5521081,101835,,-123.10627450399994,40.29121498000006
84499,CA,Trinity,"Prospect Pit",,0,"Big Bar",1982,24000,"CA Dept Conserv",,5508445,288368,,-123.30655813699991,40.716347882000036
58774,CA,Trinity,"Mine Shaft","Spider Mine",0,"Pony Buck Peak",1998,24000,"CA Dept Conserv",,5521081,101835,,-123.12264436999993,40.26890457600007
84571,CA,Trinity,"Prospect Pit",,0,"Hyampom Mtn.",1982,24000,"CA Dept Conserv",,5515801,291514,,-123.42251956599989,40.632983240000044
494080,CA,Trinity,"Mine Shaft","Old Bill Mine",0,"Dubakella Mtn.",1954,62500,USGS,,5501519,297348,,-123.10669416399992,40.291356750000034
496035,CA,Trinity,"Placer Mine",,0,"Willow Creek",1952,62500,USGS,,5505129,301999,,-123.59256321299989,40.88586854600004
496036,CA,Trinity,"Placer Mine",,0,"Willow Creek",1952,62500,USGS,,5505129,301999,,-123.5885858069999,40.88472640400005
496037,CA,Trinity,"Placer Mine",,0,"Willow Creek",1952,62500,USGS,,5505129,301999,,-123.58041579799993,40.88043173600005
496038,CA,Trinity,"Placer Mine",,0,"Willow Creek",1952,62500,USGS,,5505129,301999,,-123.5843090269999,40.88029606300006
501301,CA,Trinity,"Prospect Pit",,0,Hyampom,1951,62500,USGS,,5502245,297760,,-123.30652615499991,40.71586957900007
501309,CA,Trinity,"Prospect Pit","Klondike Mine",0,"Pickett Peak",1954,62500,USGS,,5503623,298534,,-123.39472532499991,40.40095876700008
501316,CA,Trinity,"Prospect Pit",,0,"Pickett Peak",1954,62500,USGS,,5503623,298534,,-123.35658758799991,40.40916152900007
501317,CA,Trinity,"Prospect Pit",,0,"Pickett Peak",1954,62500,USGS,,5503623,298534,,-123.34123634899993,40.41855019800005
48918,CA,Trinity,Adit,"Marble Cave",54,"Naufus Creek",1979,24000,"CA Dept Conserv",,5519427,293442,ne,-123.3352586549999,40.39935229300005
48938,CA,Trinity,Adit,"Marble Cave",53,"Naufus Creek",1979,24000,"CA Dept Conserv",,5519427,293442,ne,-123.33432143099992,40.398543681000035
48972,CA,Trinity,Adit,"Marble Cave",54,"Naufus Creek",1979,24000,"CA Dept Conserv",,5519427,293442,ne,-123.3350409929999,40.39921251800007
48971,CA,Trinity,Adit,"Marble Cave",91,"Naufus Creek",1979,24000,"CA Dept Conserv",,5519427,293442,e,-123.33011447399991,40.39403902000004
490120,CA,Trinity,Adit,"Butter Creek Cave",90,Hyampom,1951,62500,USGS,,5502245,297760,e,-123.3935040209999,40.582524584000055
490073,CA,Trinity,Adit,"Marble Caves",176,"Pickett Peak",1954,62500,USGS,,5503623,298534,s,-123.33329990199991,40.39784775600003
490049,CA,Trinity,Adit,,261,"Pickett Peak",1954,62500,USGS,,5503623,298534,w,-123.3301247359999,40.39397620900007
50481,CA,Trinity,"Borrow Pit",,0,"Dubakella Mountain",1998,24000,"CA Dept Conserv",,5512791,290055,,-123.13657489699995,40.46763305700006
50482,CA,Trinity,"Borrow Pit",,0,"Dubakella Mountain",1998,24000,"CA Dept Conserv",,5512791,290055,,-123.19396077199991,40.41883978900006
50488,CA,Trinity,"Borrow Pit",,0,Alderpoint,1969,24000,"CA Dept Conserv",,5507307,302230,,-123.51302753199991,40.13721842700005
52418,CA,Trinity,"Gravel Pit",,0,Dinsmore,1977,24000,"CA Dept Conserv",,5512557,302911,,-123.5264277249999,40.43548429400005
52419,CA,Trinity,"Gravel Pit",,0,"Ruth Lake",1978,24000,"CA Dept Conserv",,5522055,294857,,-123.4939321729999,40.250667553000085
52421,CA,Trinity,"Gravel Pit",,0,Alderpoint,1969,24000,"CA Dept Conserv",,5507307,302230,,-123.5265461169999,40.18921267700006
52425,CA,Trinity,"Gravel Pit",,0,Mina,1967,24000,"CA Dept Conserv",,5518555,292977,,-123.36463923399992,39.98758752800006
52432,CA,Trinity,"Gravel Pit",,0,Alderpoint,1969,24000,"CA Dept Conserv",,5507307,302230,,-123.5419717669999,40.22045210600004
58766,CA,Trinity,"Mine Shaft",,0,"Lake Mountain",1967,24000,"CA Dept Conserv",,5516895,292094,,-123.49798882199991,40.03133590200008
84510,CA,Trinity,"Prospect Pit",,0,Alderpoint,1969,24000,"CA Dept Conserv",,5507307,302230,,-123.52004005399994,40.21359318200007
84566,CA,Trinity,"Prospect Pit",,0,"Ruth Lake",1978,24000,"CA Dept Conserv",,5522055,294857,,-123.4564423349999,40.36387812700008
84578,CA,Trinity,"Prospect Pit",,0,"Lake Mountain",1967,24000,"CA Dept Conserv",,5516895,292094,,-123.49932583399993,40.03257152400005
495056,CA,Trinity,"Open Pit Mine","Island Mtn Mine",0,Kettenpom,1955,62500,USGS,,5502479,297888,,-123.49706694899993,40.033295069000076
501324,CA,Trinity,"Prospect Pit",,0,Kettenpom,1955,62500,USGS,,5502479,297888,,-123.30507680599993,40.187916252000036
48920,CA,Trinity,Adit,,55,"Lake Mountain",1967,24000,"CA Dept Conserv",,5516895,292094,ne,-123.49897400099991,40.03145656400005
48900,CA,Trinity,Adit,,342,"Lake Mountain",1967,24000,"CA Dept Conserv",,5516895,292094,n,-123.49872791399991,40.03254560900007
52982,CA,Trinity,Mine,"Blue Jay Mine (Site)",0,"Four Corners Rock",1997,24000,"CA Dept Conserv","Label without symbol. Point placed on building symbol and feature type inferred from label.",5514103,101458,,-123.24650703899994,40.11243696400004
495045,CA,Trinity,"Open Pit Mine","Blujay Mine",0,"Black Rock Mtn.",1954,62500,USGS,,5500581,296826,,-123.2460314029999,40.112023812000075
501306,CA,Trinity,"Prospect Pit",,0,"Black Rock Mtn.",1954,62500,USGS,,5500581,296826,,-123.2389753779999,40.099047075000044
